"stationid","fieldduplicate","Clay","Colloid","Sand","Silt","Gravel","TN","TOC"
"B23-12000",1,9.391,1.445,37.1005,52.05,0,0.2,5.3
"B23-12001",1,11.599,1.7,29.68,57.02,0,0.05,6.1
"B23-12002",1,7.169,1.2,52.969,38.54,0,0.05,0.05
"B23-12003",1,10.5999999,0,45.7000004,43.30000043,0,2.8,0.05
"B23-12004",1,9.7,0,33.9,56.4,0,7.8,17
"B23-12005",1,2.094,0,76.39,21.75,0,0.05,0.05
"B23-12006",1,12,0.5,38.5,49,0,2.2,6.6
"B23-12007",1,4.7,0,71.3,24,0,0.5,0.05
"B23-12008",1,4.9,0,63.5,31.6,0,0.3,2
"B23-12009",1,12,0,44.2,43.8,0,1.05,0.525
"B23-12010",1,8.2,0,60.7,31.1,0,0.05,0.05
"B23-12011",1,8.9,0,55.6,35.5,0,0.05,0.05
"B23-12012",1,1.7,0,90.4,7.9,0,0.05,0.05
"B23-12013",1,7.1,0,66.4,26.5,0,0.05,0.9
"B23-12014",1,1.7,0,88.9,9.5,0,0.05,0.05
"B23-12015",1,12.8,0,30.4,56.8,0,0.2,13.7
"B23-12016",1,12.8,0.1,31.1,56,0,0.05,6
"B23-12017",1,12.8,0,30.2,57,0,0.05,6
"B23-12018",1,11.5,0,34.9,53.6,0,0.05,5.7
"B23-12019",1,8.2,0,52,39.8,0,0.05,0.05
"B23-12020",1,7.5,0,58.5,34,0,0.05,2.4
"B23-12021",1,2.1,0,83.7,14.2,0,0.05,0.05
"B23-12022",1,0.8,0,93.4,5.45,0,0.05,0.05
"B23-12023",1,3.5,0,58.9,37.5,0,0.05,3.6
"B23-12024",1,12.3,0,21.5,65.9,0,0.05,14.5
"B23-12025",1,6.2,0,35.9,58.2,0,0.05,23.4
"B23-12026",1,6.1,0,48,45.7,0,0.05,23.5
"B23-12027",1,14.2,1.4,13.7,70.7,0,0.05,14
"B23-12028",1,12.6,1.6,19.3,66.5,0,0.05,11.7
"B23-12029",1,15.9,1.8,7.9,74.4,0,0.05,8.2
"B23-12030",1,9.13,2.84,32.75,55,0,0.7035,9.4
"B23-12031",1,10.2,1.2,27.7,60.9,0,0.05,2.9
"B23-12032",1,11.19,3.08,17.24,68.27,0,1.115,13.9
"B23-12033",1,11.1,1.7,35.2,52,0,0.05,3.65
"B23-12034",1,2.59,1.03,72.68,23.41,0,0.2405,2.305
"B23-12035",1,8.79,2.72,31.4,56.82,0,0.754,7.78
"B23-12036",1,9.13,2.81,20.55,67.23,0,1.135,12.8
"B23-12037",1,9.98,2.99,19.26,67.45,0,1.035,12.4
"B23-12038",1,7.09,2.39,33.58,56.66,0,0.487,5.21
"B23-12039",1,11.22,3.25,15.4,69.87,0,0.8685,11.5
"B23-12040",1,7.94,2.48,37.97,51.32,0,0.5905,8.06
"B23-12041",1,10.98,3.35,15.8,69.47,0,0.9075,13.5
"B23-12042",1,5.61,2.05,38.18,53.81,0,0.66,7.98
"B23-12043",1,7.82,2.38,38.17,51.42,0,0.9385,17.3
"B23-12044",1,4.9,0.9,63.8,30.4,0,0.05,0.05
"B23-12045",1,13.95,0.3,22.3,63.6,0,5.75,8.65
"B23-12046",1,9.4,0,60.6,30,0,3.6,0.05
"B23-12047",1,9.6,0.1,39.1,51.5,0,0.05,7.8
"B23-12048",1,10,0,37.8,52.2,0,0.05,4.5
"B23-12049",1,11.1,0.2,34.5,54.2,0,0.05,4.3
"B23-12050",1,15.5,0.1,15.8,68.6,0,0.05,4.8
"B23-12051",1,13.55,0.15,13,73.3,0,0.05,8.85
"B23-12052",1,3.3,0,78.2,18.5,0,0.05,0.05
"B23-12053",1,10.3,0,30.35,59.35,0,0.05,6.1
"B23-12054",1,7.3,0,41.8,50.9,0,0.05,2.4
"B23-12055",1,4.6,0,55.5,39.7,0,0.05,6.6
"B23-12056",1,7.4,0,24.3,67.9,0,0.1,19.8
"B23-12057",1,8.2,0,22,69.7,0,1.1,21
"B23-12058",1,5.2,0,30.5,64.4,0,0.05,12.6
"B23-12059",1,3.281,0.199,70.83,25.69,0,0.05,0.05
"B23-12060",1,6,0.699,30.361,62.94,0,0.05,7.1
"B23-12061",1,6.3605,0.3,22.9595,70.53,0,0.05,6.7
"B23-12062",1,7.296,0.696,21.278,70.73,0,0.05,2.3
"B23-12063",1,8.199,1.1,41.761,48.94,0,0.05,3.5
"B23-12064",1,4.492,0.249,45.729,49.53,0,0.05,0.05
"B23-12065",1,10.4,1.3,23.3,65,0,0.05,0.05
"B23-12066",1,7.1,1,46.3,45.6,0,0.05,0.3
"B23-12067",1,0.39,0,96.05,1.31,2.25,0.13,2.4
"B23-12068",1,5.75,0,58.96,35.28,0,1,5.7
"B23-12069",1,2.47,0,86.25,11.15,0.12,0.74,0
"B23-12070",1,2.32,0,87.11,10.57,0,0.4775,3.6
"B23-12071",1,8.15,0,36.94,54.9,0,1.1,6.4
"B23-12072",1,8.89,0,30.76,60.35,0,1,7.3
"B23-12073",1,21.2,2,5.9,70.9,0,0.05,9.3
"B23-12074",1,14.38,0,0.01,85.61,0,1.2,6.1
"B23-12075",1,13.05,1.85,12.4,72.7,0,0.225,18.15
"B23-12076",1,8.6,1.1,29.8,60.5,0,0.05,10
"B23-12077",1,11.6,1.1,14.3,73,0,0.05,24.8
"B23-12078",1,0,0,21.107,78.896,0,1.78,22.2
"B23-12079",1,16.9,1.85,10.3,70.95,0,0.05,18.4
"B23-12080",1,0,0,18.639,81.363,0,1.89,24.2
"B23-12081",1,15.8,2.1,8.1,74,0,0.05,25.7
"B23-12082",1,0,0,69.803,30.2015,0,1.16,14.45
"B23-12083",1,6.1,0.4,45.1,48.4,0,0.05,21.8
"B23-12084",1,6.6,1.2,52,40.2,0,0.05,19.6
"B23-12085",1,13.6,1.7,36.2,48.5,0,0.05,13.9
"B23-12086",1,21.7,3.1,5.2,70,0,0.05,21.5
"B23-12087",1,0.008,0,19.104,80.8905,0,1.67,19.8
"B23-12088",1,0,0,55.561,44.441,0,0.82,12
"B23-12089",1,6.8,0,60.7,32.5,0,5.7,5.3
"B23-12090",1,6.3,0,61.6,32.1,0,5.1,2.1
"B23-12091",1,13.39999986,0,30.69999981,55.10000038,0,2.3,8.2
"B23-12092",1,15.5,0.3,29.3,54.9,0,0.9,7.3
"B23-12093",1,10.00000025,0,43.40000058,47.30000019,0,0.05,0.05
"B23-12094",1,14.45,0,28.3,57.25,0,1.2,5.8
"B23-12095",1,13.99999975,0.2,24.29999988,61.39999962,0,0.05,8.3
"B23-12096",1,15.39999986,0.2,15.5,68.60000134,0,0.05,5.4
"B23-12097",1,8.49999988,0,45.69999973,46.20000029,0,0.05,2.3
"B23-12098",1,15.20000005,0,22.90000057,61.80000067,0,4.7,9
"B23-12099",1,12.5,0.1,36.39999938,51.19999932,0,0.05,0.8
"B23-12100",1,14.6,0,23.9,61.5,0,0.4,20.95
"B23-12101",1,13.9,0,29.4,56.7,0,0.05,2.4
"B23-12102",1,9.70000005,0,29.7000002,61.10000038,0,3.9,37.7
"B23-12103",1,11.30000008,0,40,48.09999991,0,0.05,0.4
"B23-12104",1,15.2,0,19.9,64.9,0,0.05,11.4
"B23-12105",1,17.6,0,15.1,67.3,0,0.2,13.4
"B23-12107",1,14.5999999,0,24.99999976,60.30000068,0,0.05,9
"B23-12108",1,17.1,0,15.4,67.5,0,0.05,10.5
"B23-12109",1,12.89999985,0,30.499999805,56.49999976,0,0.05,7.5
"B23-12110",1,14.0999999,0,24.90000019,61.20000077,0,0.05,13.1
"B23-12111",1,7.5,0,46.6,45.9,0,3.2,8.1
"B23-12112",1,8.6,0,40.1,51.3,0,0.05,6.9
"B23-12113",1,9.8,0,37.6,52.6,0,0.05,10.8
"B23-12114",1,14.6,0.1,27.1,58.2,0,0.05,7.3
"B23-12115",1,16.2,0.5,18.3,65,0,0.05,17.3
"B23-12116",1,10.4,0,32.1,56.8,0,0.05,0.05
"B23-12117",1,1.339,0,88.215,6.006,4.44,0.05,0.05
"B23-12118",1,8.5,0,58.35,33.15,0,0.05,0.9
"B23-12119",1,7,0,64,29,0,0.05,0.05
"B23-12120",1,13.4,0.4,31.2,55,0,0.05,12
"B23-12121",1,5.7,0,62.7,31.5,0,0.05,2.8
"B23-12122",1,4.3,0,72.1,24,0,0.05,0.3
"B23-12123",1,10,0,45.1,44.9,0,0.05,5.4
"B23-12124",1,6,0,64.2,29.8,0,0.05,2
"B23-12125",1,6.42,2.02,53.83,37.5,0,0.6875,9.24
"B23-12126",1,9.78,2.75,32.22,55.04,0,0.973,12.6
"B23-12127",1,7.06,2.36,35.09,55.17,0,0.464,5.28
"B23-12128",1,6.5,2.15,46.9,44.21,0,0.853,6.54
"B23-12129",1,8,0.9,41.7,49.4,0,0.05,4.1
"B23-12130",1,0,0,90.741,8.833,0.43,0.187,3.97
"B23-12131",1,8.9,1.2,36.5,53.4,0,0.05,3.1
"B23-12132",1,8.7,1,53.7,36.6,0,0.05,0.4
"B23-12133",1,8.1,0.8,54.8,36.3,0,0.05,4.4
"B23-12134",1,11.62,3.28,12.95,71.9,0,0.9415,10.4
"B23-12135",1,11.85,3.3,15.2,69.4,0,1.009,14.3
"B23-12136",1,8.77,2.44,43.71,44.92,0,0.6725,7.27
"B23-12137",1,9.1,1.3,48.9,40.7,0,0.05,4.8
"B23-12138",1,11.9,1.9,29.9,56.3,0,0.05,6.8
"B23-12139",1,9.16,2.63,39.66,48.4,0,0.484,6.21
"B23-12140",1,9,1.4,41.5,48.1,0,0.05,0.05
"B23-12141",1,10.9,1.6,26.5,61,0,0.05,0.05
"B23-12142",1,5.9,0.4,53,40.7,0,0.05,24.3
"B23-12143",1,14.3,2,27.9,55.8,0,0.05,3.8
"B23-12144",1,8.3,1.1,39.2,51.4,0,0.05,3
"B23-12145",1,11.3,1.2,21.2,66.3,0,0.05,54.5
"B23-12146",1,1.2,0,88.9,9.9,0,0.05,0.05
"B23-12151",1,8.4,0,52.9,38.7,0,0.1,3.9
"B23-12152",1,4.1,0,74.2,21.7,0,0.05,0.05
"B23-12154",1,5.05,0,71.5,23.45,0,0.05,0.05
"B23-12155",1,7.20000005,0,47.2999996,45.70000029,0,0.05,37.8
"B23-12156",1,5.8,0,38.2,56,0,0.9,31
"B23-12157",1,3.8,0,54.6,41.6,0,0.05,13.1
"B23-12158",1,5.6,0,58.2,36.2,0,0.05,0.05
"B23-12159",1,0.9,0,90.7,8.4,0,0.05,0.05
"B23-12160",1,12.2,0,34,53.4,0,0.1,25.6
"B23-12161",1,11.6,0,32.8,55,0,0.05,15.7
"B23-12163",1,4.4,0,78.1,17.2,0,0.05,7
"B23-12164",1,16.3,0.1,17.4,66.2,0,0.05,13.9
"B23-12164",2,15,0,17.3,67.7,0,0.05,13.4
"B23-12165",1,0.9,0,90.5,8.8,0,0.05,0.9
"B23-12166",1,14,2.1,40.7,43.2,0,0.05,5.6
"B23-12167",1,14,1.5,41.9,42.6,0,0.05,5.8
"B23-12169",1,0,0.1,99.15,0.75,0,0.05,0.05
"B23-12170",1,15,1.7,33.8,49.5,0,1.6,15.4
"B23-12172",1,16.5,1.7,30.6,51.2,0,0.05,6.5
"B23-12173",1,4.7,0.9,73.9,20.5,0,0.05,0.05
"B23-12174",1,21.2,2.8,16,60,0,0.7,37.5
"B23-12175",1,18.4,1.9,10.4,69.3,0,0.05,0.05
"B23-12176",1,4.1,0,42.7,53.2,0,2.65,5.3
"B23-12177",1,0.1,0,99.4,0.5,0,0.05,0.05
"B23-12179",1,0.2,0,99.6,0.2,0,0.05,0.05
"B23-12180",1,0,3.19,95.549,0,1.245,0.281,5.36
"B23-12181",1,5.2,0.3,55.5,39,0,0.05,4.1
"B23-12182",1,0,0,57.829,41.202,0.971,4.84,65.9
"B23-12184",1,0.09,0.08,82.2,0.69,0,0.05,1.75
"B23-12186",1,0.012,0,23.949,76.044,0,1.885,17.85
"B23-12187",1,0,0,84.563,9.28,6.162,0.188,1.44
"B23-12188",1,0,0,98.68,1.322,0,0.227,0.963
"B23-12191",1,0,0,87.492,12.507,0,0.297,2.1
"B23-12192",1,1.11,0,96.28,2.61,0,0.18,0.05
"B23-12193",1,0.63,0,98.24,1.02,0.13,0.31,2.2
"B23-12194",1,1.01,0,96.73,2.27,0,0.19,0.05
"B23-12195",1,1.25,0,93.72,5,0,0.25,1.6
"B23-12196",1,0.25,0,90.69,1.18,7.88,0.18,0.05
"B23-12197",1,1.04,0,95.73,3.21,0,0.269,2.3
"B23-12198",1,1.13,0,95.25,3.62,0,0.23,1.4
"B23-12199",1,2.6,0,79.6,17.9,0,0.36,3
"B23-12200",1,1.81,0.81,78.89,18.15,0,0.2625,2.41
"B23-12201",1,0.9,0.1,91.3,7.7,0,0.05,0.05
"B23-12202",1,0.97,0.64,83.87,14.32,0,0.219,1.71
"B23-12203",1,1.39,0.79,79.76,17.83,0,0.314,2.09
"B23-12204",1,4.06,1.66,55.73,37.97,0,0.6625,7.04
"B23-12205",1,0.697,0,93.577,5.579,0,0.16,3.4
"B23-12206",1,0.996,0,93.27,5.778,0,0.11,1.6
"B23-12207",1,0.8,0,93.63,5.506,0,0.097,1.8
"B23-12208",1,0,0,93.272,6.729,0,0.233,1.61
"B23-12209",1,0,0,76.71,23.293,0,0.417,3.63
"B23-12210",1,0,0,76.503,23.497,0,0.35,3.04
"B23-12211",1,0.009,0,23.089,76.905,0,0.591,6.75
"B23-12212",1,0.008,0,59.119,40.877,0,0.477,4.98
"B23-12213",1,0,0,61.717,38.286,0,0.365,3.84
"B23-12214",1,0,0,59.128,40.872,0,0.5335,5.735
"B23-12215",1,0,0,65.039,34.9615,0,0.646,7.57
"B23-12216",1,0.007,0,43.8,56.194,0,0.626,7.1
"B23-12217",1,0,0,86.098,13.905,0,0.324,2.69
"B23-12218",1,0,0,71.659,28.3405,0,0.451,6.79
"B23-12219",1,0,0,62.748,36.096,1.157,0.566,7.68
"B23-12220",1,0,0,69.687,30.317,0,0.51,4.55
"B23-12221",1,0,0,63.716,36.288,0,0.649,6.11
"B23-12222",1,0,0,70.824,29.175,0,0.664,6.15
"B23-12223",1,0,0,64.45,35.553,0,0.722,7.73
"B23-12224",1,0,0,64.61,35.394,0,0.679,7.37
"B23-12225",1,0,0,72.391,27.609,0,0.36,3.75
"B23-12226",1,0,0,46.181,47.872,5.932,0.579,13.6
"B23-12227",1,3.14,0,70.35,26.51,0,0.65,4.1
"B23-12228",1,0.88,0,95.27,3.83,0,0.3,2
"B23-12229",1,1.03,0,94.63,4.32,0,0.24,2.3
"B23-12230",1,0.79,0,95.52,3.68,0,0.3115,2.4
"B23-12231",1,2.06,0,81.35,16.59,0,0.51,6.1
"B23-12232",1,5.65,0,57.8,36.6,0,0.66,8.2
"B23-12233",1,2.67,0.84,76.84,19.36,0,0.6245,7.09
"B23-12234",1,5.39,1.85,35.32,56.88,0,0.922,9.24
"B23-12235",1,4.004,0,61.61,34.36,0,0.45,7.8
"B23-12236",1,1.72,0.73,82.33,14.9,0,0.434,4.34
"B23-12237",1,4.296,0,67.28,28.45,0,0.33,8.7
"B23-12238",1,0,0,41.484,58.52,0,0.985,11.5
"B23-12239",1,0,0,11.07,88.9325,0,1.64,16.5
"B23-12240",1,0,0,26.945,73.058,0,0.79,8.19
"B23-12241",1,0,0,10.08,89.924,0,1.79,18.3
"B23-12242",1,0,0,17.859,82.141,0,1.34,14.9
"B23-12244",1,0,0,71.419,28.583,0,0.575,6.72
"B23-12247",1,0,0,58.751,41.253,0,1.03,16.6
"B23-12248",1,0,0,65.899,34.104,0,0.6385,8.12
"B23-12249",1,0,0,72.556,27.444,0,0.569,5.96
"B23-12250",1,0,0,68.012,31.988,0,0.896,12
"B23-12251",1,0,0,64.553,35.449,0,1.045,13.5
"B23-12252",1,3.16,0,72.85,23.97,0,0.64,4.8
"B23-12253",1,2.79,0,71.77,23.55,1.88,0.42,9.2
"B23-12256",1,2.62,0,77.2,20.18,0,0.15,3.8
"B23-12257",1,4.09,0,59.265,36.655,0,0.86,8.3
"B23-12258",1,5.9,0,50.4,43.7,0,0.46,14
"B23-12260",1,3.896,0,72.16,23.93,0,0.61,7.6
"B23-12261",1,5.601,0,63.71,30.61,0,0.53,7.9
"B23-12262",1,4.7315,0,59.829,35.44,0,0.4,8.5
"B23-12264",1,7.89,0,35.199,57.01,0,0.53,11
"B23-12265",1,7.6,0,40.512,51.79,0,0.58,15
"B23-12266",1,8.6,0,41.49,49.97,0,0.33,9
"B23-12268",1,10.5,0.1,28.1,61.3,0,0.42,14
"B23-12270",1,9.9,0,52.21,37.82,0,0.36,6
"B23-12273",1,0.008,0,55.691,42.833,1.474,0.721,14.2
"B23-12275",1,2.9,0.15,64.8,32.15,0,2.3,0.425
"B23-12276",1,3.2,0.3,73.4,23.1,0,2.1,0.05
"B23-12277",1,3.8,0.5,65,30.7,0,0.6,0.3
"B23-12278",1,8.1,0.9,34.9,56.1,0,0.4,2.4
"B23-12279",1,1.69,0,85.03,13.28,0,0,5.3
"B23-12280",1,0,0,44.423,55.579,0,1.28,13.9
"B23-12281",1,0,0,40.313,59.692,0,1.72,18.1
"B23-12282",1,0,0,49.058,50.945,0,1.13,12.1
"B23-12283",1,0,0,42.933,57.071,0,1.38,15.2
"B23-12284",1,1.86,0,83.73,14.41,0,0,6.1
"B23-12285",1,0,0,37.1,62.9,0,2.05,26.1
"B23-12286",1,0,0,44.367,55.636,0,1.85,20.4
"B23-12288",1,0,0,28.246,71.758,0,2.55,28.6
"B23-12289",1,0,0,34.194,65.809,0,2.2,26.2
"B23-12290",1,0,0,35.6,64.399,0,1.99,23.5
"B23-12291",1,1.11,0,86.07,12.83,0,0.78,0.05
"B23-12293",1,6.02,0,32.1,61.88,0,2,0.05
"B23-12294",1,4.13,0,39.7,56.17,0,1.3,8.8
"B23-12295",1,3.29,0,63.48,33.22,0,1.3,0.05
"B23-12296",1,3.44,0,62.5,34.05,0,0.96,6.9
"B23-12297",1,4.93,0,41.73,53.33,0,0.9,7.3
"B23-12298",1,4.11,0,50.59,45.29,0,1.6,17
"B23-12299",1,9,0,34.601,56.36,0,0.57,13
"B23-12300",1,9.4,0,36.21,54.34,0,0.58,11
"B23-12301",1,9.1,0,15.9,75,0,1.2,29
"B23-12302",1,9.06,0,21.158,69.94,0,1.2,27
"B23-12304",1,11.3,1.4,9.9,77.4,0,2.5,24.1
"B23-12305",1,11.96,0,23.22,64.87,0,1.2,26
"B23-12306",1,13.25,0.3,23.4,62.95,0,1.3,23
"B23-12307",1,13.7,1.7,5.7,78.9,0,2.9,30.4
"B23-12308",1,12.5,1,3.7,82.8,0,1.6,26.3
"B23-12309",1,11.5,0.8,5.9,81.8,0,2.1,28.1
"B23-12310",1,15.7,2.3,9.7,72.3,0,1.5,23.2
"B23-12311",1,15.6,2.1,6.7,75.6,0,0.1,19.1
"B23-12312",1,10.16,3,23.26,63.38,0,1.35,17.6
"B23-12313",1,14.71,3.9,7.23,73.76,0,1.5955,23.7
"B23-12315",1,0,0,26.034,73.964,0,1.95,24.5
"B23-12316",1,0,0,24.026,75.976,0,4.2,45.45
"B23-12317",1,0,0,20.0675,79.938,0,3.39,37.9
"B23-12318",1,0,0,30.124,69.879,0,2.77,37.7
"B23-12319",1,0,0,20.9075,79.095,0,4.73,48.1
"B23-12320",1,0,0,30.889,69.117,0,2.35,26.6
"B23-12321",1,0,0,20.1,79.904,0,4.72,50.7
"B23-12322",1,5.65,0,15.23,79.11,0,3.4,20
"B23-12323",1,2.35,0,72.18,25.48,0,1.3,0.05
"B23-12324",1,5.22,0,25.37,69.41,0,NA,NA
"B23-12325",1,5.43,0,30.71,63.86,0,0,0.05
"B23-12326",1,2.32,0,72.58,25.1,0,1.2,13
"B23-12327",1,6.06,0,29.1,64.85,0,0,0.05
"B23-12328",1,2.41,0,69.205,28.345,0.05,1.8,0
"B23-12329",1,6.49,0,24.91,68.6,0,1.9,0.05
"B23-12330",1,5.92,0,17.82,76.25,0,3.8,13
"B23-12331",1,7.02,0,42.43,50.55,0,1.2,23
"B23-12332",1,8.07,0,14.71,77.2,0,2.57,0.05
"B23-12333",1,13.45,0,9.23,77.21,0,1.5,39
"B23-12334",1,5.4,0,35.01,59.59,0,2.1,8.8
"B23-12336",1,19.15,0,11.87,68.85,0,1.1,55
"B23-12337",1,12.235,0,13.39,74.405,0,1,32
"B23-12338",1,18.35,0,9.032,72.51,0,1.2,38
"B23-12339",1,12.8,0,10.61,76.55,0,0.61,20
"B23-12340",1,15.87,0,5.89,78.31,0,0.72,35
"B23-12341",1,17.86,0,5.79,76.42,0,1.2,55
"B23-12342",1,14.23,0,10.52,75.19,0,1.3,32
"B23-12343",1,16.4,0,6.4,77.2,0,0.99,29
"B23-12344",1,0,0,11.6115,88.3915,0,3.46,37.9
"B23-12345",1,1.45,0.15,82.3,16.1,0,0.05,0.05
"B23-12346",1,0.7,0.1,90.9,8.3,0,0.05,0.05
"B23-12347",1,2,0.3,74.7,23,0,0.05,0.05
"B23-12349",1,2.5,0.4,76.6,20.5,0,0.05,0.05
"B23-12350",1,0.5,0,96.1,3.4,0,0.05,0.05
"B23-12351",1,0.1,0,95.5,4.4,0,0.05,8
"B23-12352",1,1.7,0.2,89.8,8.3,0,0.05,15.8
"B23-12353",1,4.4,0.8,66.7,28.1,0,0.05,1.8
"B23-12354",1,4.3,0.4,54.6,40.7,0,0.05,7.9
"B23-12355",1,5.9,1,48.4,44.7,0,0.05,0.05
"B23-12356",1,1.6,0.3,86.3,11.8,0,0.05,3.4
"B23-12357",1,7.45,1.2,44.95,46.4,0,0.2,8.9
"B23-12358",1,3.4,0.6,73.8,22.2,0,0.05,3.7
"B23-12359",1,3.9,0.8,63.5,31.8,0,0.05,2.6
"B23-12360",1,11.1,0,29.5,59.4,0,0.05,0.05
"B23-12363",1,8.3,0,41.5,50.2,0,0.05,1.4
"B23-12590",1,0,0,95.605,3.853,0.547,0.147,1.85
"B23-12591",1,0,0,90.515,9.489,0,0.205,0.959
"B23-12630",1,0,0,53.581,46.423,0,1.57,24.8
"B23-12684",1,9.31,0,19.131,71.5,0,1.2,20
"B23-12709",1,5.4,0,67,27.6,0,0.05,0.05
"B23-12783",1,3.04,0,62.59,34.36,0,0.71,5
"B23-12793",1,4.97,0,29.2,65.82,0,1.7,8.8
"B23-12811",1,6.4,1.2,57,35.4,0,0.05,3.4
"B23-12841",1,7.5,0,54.8,37.7,0,0.05,2.2
"B23-12976",1,0.3,0.1,96.2,3,0,0.05,0.6
"B23-12976",2,0.6,0,95.5,3.6,0,0.05,0.6
